benchmark_index,window_id,test_index,subject,pre_us,infer_us,post_us,total_us
0,S13_W000035,0,13,16036,73450,151,89644
1,S13_W000044,9,13,15994,70591,147,86734
2,S13_W000053,18,13,16026,70554,148,86728
3,S13_W000063,28,13,16035,70529,148,86713
4,S13_W000072,37,13,16026,70486,148,86662
5,S13_W000082,47,13,16016,70462,147,86629
6,S13_W000091,56,13,16006,70567,152,86726
7,S13_W000100,65,13,16006,70439,148,86594
8,S13_W000110,75,13,16022,70889,147,87061
9,S13_W000119,84,13,16036,70408,147,86592
10,S13_W000129,94,13,16019,70328,147,86497
11,S13_W000138,103,13,16020,70350,148,86519
12,S13_W000148,113,13,16020,70316,148,86487
13,S13_W000157,122,13,16028,70199,148,86377
14,S13_W000166,131,13,16029,70278,148,86458
15,S13_W000176,141,13,16031,70182,147,86364
16,S13_W000185,150,13,16011,70117,148,86277
17,S13_W000195,160,13,16034,70132,147,86316
18,S13_W000204,169,13,16016,70247,155,86419
19,S13_W000214,179,13,16011,70144,148,86303
20,S13_W000223,188,13,16028,70187,155,86373
21,S13_W000232,197,13,16020,70130,154,86305
22,S13_W000242,207,13,16034,70275,148,86457
23,S13_W000251,216,13,16031,70229,147,86410
24,S13_W000261,226,13,16029,70200,147,86380
25,S13_W000270,235,13,16040,70232,147,86421
26,S13_W000280,245,13,16013,70389,147,86552
27,S13_W000289,254,13,16024,70197,152,86376
28,S13_W000298,263,13,16021,70369,159,86550
29,S13_W000308,273,13,16045,70261,156,86463
30,S13_W000317,282,13,16038,70502,147,86691
31,S13_W000327,292,13,16017,70289,147,86457
32,S13_W000412,301,13,16033,73611,148,89793
33,S13_W000422,311,13,16027,73190,147,89366
34,S13_W000431,320,13,16019,73008,147,89177
35,S13_W000440,329,13,16011,73474,147,89634
36,S13_W000450,339,13,16031,73394,148,89575
37,S13_W000459,348,13,16033,73684,147,89867
38,S13_W000469,358,13,16019,73859,147,90029
39,S13_W000478,367,13,16023,73442,153,89621
40,S13_W000488,377,13,16028,73286,151,89467
41,S13_W000497,386,13,16021,73956,147,90126
42,S13_W000506,395,13,16021,73724,154,89899
43,S13_W000516,405,13,16025,73789,148,89963
44,S13_W000525,414,13,16017,75281,156,91455
45,S13_W000535,424,13,16016,73867,147,90034
46,S13_W000544,433,13,16030,73999,147,90179
47,S13_W000554,443,13,16025,73839,147,90015
48,S13_W000563,452,13,16029,73726,155,89913
49,S13_W000572,461,13,16031,73681,147,89862
50,S13_W000582,471,13,16028,74018,147,90197
51,S13_W000591,480,13,16017,73667,147,89834
52,S13_W000601,490,13,16023,73931,152,90107
53,S13_W000610,499,13,16025,74572,148,90746
54,S13_W000620,509,13,16023,74096,147,90269
55,S13_W000629,518,13,16027,74076,148,90254
56,S13_W000638,527,13,16023,73767,148,89939
57,S13_W000648,537,13,16028,74072,147,90251
58,S13_W000714,546,13,16023,73191,148,89363
59,S13_W000724,556,13,16029,73305,147,89485
60,S13_W000733,565,13,16015,73306,147,89471
61,S13_W000743,575,13,16023,73610,148,89782
62,S13_W000752,584,13,16021,72399,148,88570
63,S13_W000761,593,13,16029,73220,147,89398
64,S13_W000771,603,13,16030,73311,147,89490
65,S13_W000780,612,13,16019,73283,148,89451
66,S13_W000790,622,13,16019,73207,151,89380
67,S13_W000799,631,13,16023,72514,151,88692
68,S13_W000809,641,13,16027,72836,147,89013
69,S13_W000818,650,13,16019,73294,148,89461
70,S13_W000827,659,13,16017,72761,148,88927
71,S13_W000837,669,13,16028,73044,154,89226
72,S13_W000846,678,13,16019,73413,147,89581
73,S13_W001086,688,13,16026,74743,147,90920
74,S13_W001095,697,13,16030,74818,147,90999
75,S13_W001105,707,13,16019,74806,148,90976
76,S13_W001114,716,13,16011,74845,148,91006
77,S13_W001123,725,13,16028,74855,152,91038
78,S13_W001133,735,13,16026,74988,147,91164
79,S13_W001142,744,13,16024,74861,148,91034
80,S13_W001152,754,13,16028,74917,147,91095
81,S13_W001161,763,13,16022,75058,147,91230
82,S13_W001171,773,13,16012,75125,147,91287
83,S13_W001180,782,13,16025,75121,148,91296
84,S13_W001189,791,13,16014,75133,148,91297
85,S13_W001199,801,13,16017,75292,147,91459
86,S13_W001208,810,13,16016,75268,148,91433
87,S13_W001218,820,13,16024,75103,153,91283
88,S13_W001227,829,13,16009,75203,148,91362
89,S13_W001237,839,13,16021,74226,147,90397
90,S13_W001246,848,13,16022,74332,148,90503
91,S13_W001255,857,13,16017,74050,147,90217
92,S13_W001265,867,13,16019,74429,147,90597
93,S13_W001274,876,13,16033,74195,148,90377
94,S13_W001284,886,13,16025,74544,153,90724
95,S13_W001293,895,13,16021,74358,148,90528
96,S13_W001303,905,13,16019,74357,148,90525
97,S13_W001312,914,13,16028,74596,151,90778
98,S13_W001321,923,13,16025,74588,147,90763
99,S13_W001671,933,13,16025,72707,148,88880
100,S13_W001680,942,13,16024,72966,147,89140
101,S13_W001690,952,13,16026,72956,148,89130
102,S13_W001699,961,13,16029,72892,147,89072
103,S13_W001709,971,13,16028,72489,147,88668
104,S13_W001718,980,13,16032,72903,148,89086
105,S13_W001727,989,13,16031,71358,147,87539
106,S13_W001737,999,13,16022,72249,147,88421
107,S13_W001746,1008,13,16029,71657,152,87841
108,S13_W001756,1018,13,16029,71481,148,87659
109,S13_W001765,1027,13,16031,72419,148,88600
110,S13_W001775,1037,13,16019,72346,147,88515
111,S13_W001784,1046,13,16028,72571,147,88749
112,S13_W001793,1055,13,16034,72768,148,88951
113,S13_W001803,1065,13,16016,72534,147,88700
114,S13_W001812,1074,13,16022,72758,147,88930
115,S13_W001822,1084,13,16024,72936,148,89109
116,S13_W001831,1093,13,16023,72513,148,88686
117,S13_W001841,1103,13,16023,71804,148,87976
118,S13_W001850,1112,13,16027,72759,148,88935
119,S13_W001859,1121,13,16034,72458,147,88642
120,S13_W001869,1131,13,16026,72427,154,88610
121,S13_W001878,1140,13,16021,72608,148,88778
122,S13_W001888,1150,13,16021,72428,147,88598
123,S13_W001897,1159,13,16012,72651,147,88814
124,S13_W001907,1169,13,16019,71464,148,87634
125,S13_W001916,1178,13,16025,72439,147,88613
126,S13_W001925,1187,13,16029,72887,147,89066
127,S13_W001935,1197,13,16032,72259,148,88440
128,S13_W001944,1206,13,16034,72908,148,89090
129,S13_W001954,1216,13,16026,72655,147,88831
130,S13_W001963,1225,13,16011,72806,155,88975
131,S13_W001973,1235,13,16019,72962,148,89132
132,S13_W001982,1244,13,16012,72527,148,88689
133,S13_W001991,1253,13,16035,71943,153,88133
134,S13_W002001,1263,13,16025,72913,148,89089
135,S13_W002010,1272,13,16024,72450,147,88625
136,S13_W002020,1282,13,16020,73087,148,89257
137,S13_W002029,1291,13,16029,73119,147,89298
138,S13_W002039,1301,13,16021,72672,148,88842
139,S13_W002048,1310,13,16032,72490,147,88672
140,S13_W002057,1319,13,16016,72048,147,88215
141,S13_W002067,1329,13,16037,72662,148,88849
142,S13_W002076,1338,13,16017,72375,147,88541
143,S13_W002086,1348,13,16020,72605,153,88778
144,S13_W002095,1357,13,16024,73115,147,89289
145,S13_W002105,1367,13,16042,72915,155,89113
146,S13_W002324,1376,13,16015,72063,151,88232
147,S13_W002333,1385,13,16026,71287,147,87464
148,S13_W002343,1395,13,16030,71725,147,87905
149,S13_W002352,1404,13,16025,73269,147,89444
150,S13_W002362,1414,13,16022,72585,152,88759
151,S13_W002371,1423,13,16031,73190,147,89370
152,S13_W002381,1433,13,16033,71816,147,87998
153,S13_W002390,1442,13,16024,72768,152,88947
154,S13_W002399,1451,13,16025,72081,151,88259
155,S13_W002409,1461,13,16017,71768,152,87938
156,S13_W002418,1470,13,16026,72736,151,88915
157,S13_W002428,1480,13,16035,72501,147,88685
158,S13_W002437,1489,13,16031,71963,151,88149
159,S13_W002447,1499,13,16030,71960,147,88139
160,S13_W002456,1508,13,16023,70639,147,86811
161,S13_W002465,1517,13,16011,71833,147,87993
162,S13_W002475,1527,13,16027,72768,148,88945
163,S13_W002484,1536,13,16026,71443,152,87622
164,S13_W002494,1546,13,16012,70808,148,86969
165,S13_W002503,1555,13,16012,73059,151,89225
166,S13_W002513,1565,13,16032,72286,147,88468
167,S13_W002522,1574,13,16034,71324,148,87507
168,S13_W002531,1583,13,16035,71490,148,87675
169,S13_W002541,1593,13,16029,71299,153,87484
170,S13_W002550,1602,13,16024,71438,147,87612
171,S13_W002560,1612,13,16025,70842,152,87022
172,S13_W002569,1621,13,16019,72459,148,88628
173,S13_W002579,1631,13,16025,71560,147,87735
174,S13_W002588,1640,13,16014,70971,152,87138
175,S13_W002597,1649,13,16026,72103,148,88280
176,S13_W002607,1659,13,16037,71409,152,87600
177,S13_W002616,1668,13,16010,72061,148,88220
178,S13_W002626,1678,13,16019,71800,147,87968
179,S13_W002635,1687,13,16025,71658,148,87831
180,S13_W002645,1697,13,16016,71036,148,87200
181,S13_W002654,1706,13,16025,70923,148,87097
182,S13_W002663,1715,13,16028,71751,155,87936
183,S13_W002673,1725,13,16029,72510,147,88690
184,S13_W002682,1734,13,16022,71499,148,87670
185,S13_W002692,1744,13,16018,71791,147,87960
186,S13_W002701,1753,13,16027,71388,148,87565
187,S13_W002711,1763,13,16018,72318,147,88487
188,S13_W002720,1772,13,16018,71891,148,88059
189,S13_W002729,1781,13,16033,71846,152,88033
190,S13_W002739,1791,13,16032,71624,147,87807
191,S13_W002748,1800,13,16023,71604,147,87777
192,S13_W002758,1810,13,16019,70786,153,86960
193,S13_W002767,1819,13,16009,70909,148,87069
194,S13_W002777,1829,13,16025,72173,148,88347
195,S13_W002786,1838,13,16026,72173,148,88348
196,S13_W002795,1847,13,16027,72039,148,88215
197,S13_W002805,1857,13,16021,71822,152,87996
198,S13_W002814,1866,13,16024,71070,148,87242
199,S13_W002824,1876,13,16024,71097,152,87276
200,S13_W002833,1885,13,16020,72085,147,88254
201,S13_W002843,1895,13,16022,71401,147,87574
202,S13_W002852,1904,13,16024,70551,148,86725
203,S13_W002861,1913,13,16027,71838,148,88015
204,S13_W002871,1923,13,16028,71419,148,87596
205,S13_W002880,1932,13,16017,72661,148,88826
206,S13_W002890,1942,13,16029,71656,148,87834
207,S13_W002899,1951,13,16025,71433,154,87615
208,S13_W002909,1961,13,16023,71985,147,88157
209,S13_W002918,1970,13,16030,72066,147,88246
210,S13_W002927,1979,13,16016,72270,152,88441
211,S13_W002937,1989,13,16035,71962,153,88152
212,S13_W002946,1998,13,16019,72170,152,88342
213,S13_W002956,2008,13,16033,72015,153,88203
214,S13_W002965,2017,13,16027,71639,148,87815
215,S13_W002975,2027,13,16027,71883,152,88065
216,S13_W002984,2036,13,16023,71648,148,87819
217,S13_W002993,2045,13,16012,72181,148,88342
218,S13_W003003,2055,13,16031,72505,151,88690
219,S13_W003012,2064,13,16024,72218,147,88392
220,S13_W003022,2074,13,16027,72674,148,88850
221,S13_W003031,2083,13,16011,71513,147,87672
222,S13_W003041,2093,13,16030,71858,147,88037
223,S13_W003050,2102,13,16020,70530,148,86700
224,S13_W003059,2111,13,16010,70478,147,86638
225,S13_W003069,2121,13,16018,71819,152,87990
226,S13_W003078,2130,13,16024,72388,147,88562
227,S13_W003088,2140,13,16024,72867,152,89044
228,S13_W003097,2149,13,16027,71888,147,88065
229,S13_W003107,2159,13,16029,71805,151,87989
230,S13_W003116,2168,13,16031,71974,152,88159
231,S13_W003125,2177,13,16032,71887,152,88071
232,S13_W003135,2187,13,16031,71914,147,88096
233,S13_W003144,2196,13,16022,71613,148,87786
234,S13_W003154,2206,13,16026,71723,151,87902
235,S13_W003163,2215,13,16024,72638,153,88815
236,S13_W003173,2225,13,16022,71517,148,87688
237,S13_W003182,2234,13,16030,71912,148,88092
238,S13_W003191,2243,13,16032,71978,152,88163
239,S13_W003201,2253,13,16033,72273,148,88454
240,S13_W003210,2262,13,16034,71809,147,87993
241,S13_W003220,2272,13,16021,71196,153,87371
242,S13_W003229,2281,13,16023,72649,148,88822
243,S13_W003239,2291,13,16022,72054,148,88224
244,S13_W003248,2300,13,16028,72368,155,88553
245,S13_W003257,2309,13,16022,72276,147,88447
246,S13_W003267,2319,13,16031,72456,148,88637
247,S13_W003276,2328,13,16026,73297,148,89473
248,S13_W003286,2338,13,16024,73186,148,89360
249,S13_W003295,2347,13,16021,72753,152,88928
250,S13_W003305,2357,13,16017,72753,148,88918
251,S13_W003314,2366,13,16022,71493,148,87671
252,S13_W003323,2375,13,16014,73806,151,89973
253,S13_W003337,2385,13,16025,73708,152,89886
254,S13_W003346,2394,13,16020,73649,147,89820
255,S13_W003356,2404,13,16029,73852,147,90031
256,S13_W003365,2413,13,16024,73982,154,90162
257,S13_W003375,2423,13,16030,73835,148,90014
258,S13_W003384,2432,13,16026,74028,148,90204
259,S13_W003393,2441,13,16020,73722,147,89892
260,S13_W003403,2451,13,16013,73822,148,89985
261,S13_W003412,2460,13,16023,73782,147,89954
262,S13_W003422,2470,13,16008,73323,153,89487
263,S13_W003431,2479,13,16015,73351,148,89517
264,S13_W003441,2489,13,16032,73888,148,90070
265,S13_W003450,2498,13,16017,73861,148,90027
266,S13_W003459,2507,13,16028,73759,148,89936
267,S13_W003469,2517,13,16027,73743,148,89919
268,S13_W003478,2526,13,16029,73842,147,90021
269,S13_W003488,2536,13,16016,73806,148,89971
270,S13_W003497,2545,13,16019,73866,154,90042
271,S13_W003507,2555,13,16018,73625,147,89794
272,S13_W003516,2564,13,16018,73933,147,90102
273,S13_W003525,2573,13,16009,73726,148,89885
274,S13_W003535,2583,13,16013,73945,147,90109
275,S13_W003544,2592,13,16023,73886,148,90058
276,S13_W003554,2602,13,16018,73710,148,89878
277,S13_W003563,2611,13,16021,73789,148,89959
278,S13_W003573,2621,13,16026,73881,152,90062
279,S13_W003582,2630,13,16028,73777,147,89955
280,S13_W003591,2639,13,16017,73827,152,89998
281,S13_W003601,2649,13,16017,74151,153,90323
282,S13_W003610,2658,13,16035,73936,148,90120
283,S13_W003620,2668,13,16026,73285,147,89461
284,S13_W003629,2677,13,16036,73658,148,89843
285,S13_W003639,2687,13,16027,73736,148,89912
286,S13_W003648,2696,13,16024,73674,147,89849
287,S13_W003657,2705,13,16019,73898,147,90067
288,S13_W003667,2715,13,16013,73860,148,90023
289,S13_W003676,2724,13,16032,73705,148,89886
290,S13_W003855,2734,13,16019,72003,157,88181
291,S13_W003864,2743,13,16028,71545,147,87723
292,S13_W003874,2753,13,16027,70866,147,87043
293,S13_W003883,2762,13,16022,72266,153,88443
294,S13_W003892,2771,13,16033,70956,151,87143
295,S13_W003902,2781,13,16023,70942,151,87119
296,S13_W003911,2790,13,16023,70757,147,86929
297,S13_W003921,2800,13,16038,71562,147,87750
298,S13_W003930,2809,13,16024,72110,148,88283
299,S13_W003940,2819,13,16022,70760,148,86932
300,S13_W003949,2828,13,16016,71781,148,87945
301,S13_W003958,2837,13,16017,71023,148,87189
302,S13_W003968,2847,13,16012,71427,148,87589
303,S13_W003977,2856,13,16033,70893,148,87074
304,S13_W003987,2866,13,16030,71335,155,87522
305,S13_W003996,2875,13,16035,71591,148,87775
306,S13_W004006,2885,13,16021,71740,147,87910
307,S13_W004015,2894,13,16027,71077,152,87258
308,S13_W004024,2903,13,16021,71189,152,87364
309,S13_W004034,2913,13,16039,71122,148,87310
310,S13_W004043,2922,13,16016,71448,147,87615
311,S13_W004053,2932,13,16035,71230,151,87418
312,S13_W004062,2941,13,16020,70540,151,86715
313,S13_W004072,2951,13,16026,72535,151,88715
314,S13_W004081,2960,13,16021,71672,151,87848
315,S13_W004090,2969,13,16020,71941,147,88112
316,S13_W004100,2979,13,16016,72167,147,88333
317,S13_W004109,2988,13,16024,71659,148,87832
318,S13_W004119,2998,13,16020,71823,148,87993
319,S13_W004128,3007,13,16018,70803,152,86974
320,S13_W004138,3017,13,16019,73170,151,89343
321,S13_W004147,3026,13,16011,72163,148,88324
322,S13_W004156,3035,13,16007,71957,148,88113
323,S13_W004166,3045,13,16019,72180,148,88349
324,S13_W004175,3054,13,16012,72180,147,88342
325,S13_W004185,3064,13,16024,72116,148,88288
326,S13_W004194,3073,13,16013,72093,152,88259
327,S13_W004204,3083,13,16021,71899,158,88080
328,S13_W004213,3092,13,16012,71973,151,88138
329,S13_W004222,3101,13,16023,72373,155,88553
330,S13_W004232,3111,13,16018,72180,154,88354
331,S13_W004241,3120,13,16021,71955,147,88125
332,S13_W004251,3130,13,16034,72478,147,88662
333,S13_W004260,3139,13,16009,72065,152,88226
334,S13_W004270,3149,13,16016,72162,153,88333
335,S13_W004279,3158,13,16022,72017,147,88188
336,S13_W004288,3167,13,16026,72195,147,88371
337,S13_W004298,3177,13,16027,72189,147,88366
338,S13_W004307,3186,13,16019,70808,148,86977
339,S13_W004317,3196,13,16022,70658,151,86834
340,S13_W004326,3205,13,16014,70967,147,87131
341,S13_W004336,3215,13,16025,70782,148,86957
342,S13_W004345,3224,13,16025,70983,147,87158
343,S13_W004354,3233,13,16022,71118,147,87290
344,S13_W004364,3243,13,16029,70827,158,87018
345,S13_W004373,3252,13,16010,71013,147,87172
346,S13_W004383,3262,13,16026,70871,147,87048
347,S13_W004392,3271,13,16027,71192,147,87369
348,S13_W004402,3281,13,16029,71169,148,87347
349,S13_W004411,3290,13,16025,71857,148,88031
350,S13_W004420,3299,13,16005,72027,148,88180
351,S13_W004430,3309,13,16011,72156,148,88318
352,S13_W004439,3318,13,16018,71972,152,88143
353,S13_W004449,3328,13,16017,71371,148,87537
354,S13_W004458,3337,13,16024,71551,148,87724
355,S14_W000036,3347,14,16034,71726,148,87909
356,S14_W000045,3356,14,16045,71445,147,87639
357,S14_W000054,3365,14,16014,71607,155,87780
358,S14_W000064,3375,14,16032,71338,147,87519
359,S14_W000073,3384,14,16035,71120,157,87316
360,S14_W000083,3394,14,16044,71177,151,87375
361,S14_W000092,3403,14,16036,71293,151,87481
362,S14_W000102,3413,14,16032,71253,148,87434
363,S14_W000111,3422,14,16040,71192,148,87380
364,S14_W000120,3431,14,16042,71285,158,87488
365,S14_W000130,3441,14,16044,71134,151,87331
366,S14_W000139,3450,14,16031,71238,154,87425
367,S14_W000149,3460,14,16038,71151,148,87339
368,S14_W000158,3469,14,16041,71278,148,87468
369,S14_W000168,3479,14,16004,71226,152,87383
370,S14_W000177,3488,14,16019,71280,147,87450
371,S14_W000186,3497,14,16022,71275,147,87446
372,S14_W000196,3507,14,16040,71222,157,87423
373,S14_W000205,3516,14,16032,70983,147,87165
374,S14_W000215,3526,14,16038,71111,158,87310
375,S14_W000224,3535,14,16034,70943,147,87127
376,S14_W000234,3545,14,16052,71264,151,87469
377,S14_W000243,3554,14,16040,70983,151,87178
378,S14_W000252,3563,14,16041,71100,147,87291
379,S14_W000262,3573,14,16041,70949,147,87139
380,S14_W000271,3582,14,16028,71314,157,87500
381,S14_W000281,3592,14,16056,71147,148,87353
382,S14_W000290,3601,14,16042,71395,147,87588
383,S14_W000300,3611,14,16041,71343,147,87533
384,S14_W000309,3620,14,16046,71454,147,87650
385,S14_W000318,3629,14,16031,71252,151,87438
386,S14_W000328,3639,14,16035,71284,158,87480
387,S14_W000412,3648,14,16025,73146,147,89322
388,S14_W000422,3658,14,16021,73428,153,89604
389,S14_W000431,3667,14,16018,73495,147,89663
390,S14_W000441,3677,14,16027,73252,148,89428
391,S14_W000450,3686,14,16029,73411,147,89590
392,S14_W000459,3695,14,16027,73619,148,89796
393,S14_W000469,3705,14,16026,73458,148,89633
394,S14_W000478,3714,14,16025,73348,147,89523
395,S14_W000488,3724,14,16025,74193,147,90368
396,S14_W000497,3733,14,16021,74202,148,90372
397,S14_W000507,3743,14,16032,74183,147,90366
398,S14_W000516,3752,14,16029,74134,148,90312
399,S14_W000525,3761,14,16017,73441,152,89611
400,S14_W000535,3771,14,16019,73529,148,89698
401,S14_W000544,3780,14,16020,73400,148,89570
402,S14_W000554,3790,14,16025,73728,152,89908
403,S14_W000563,3799,14,16022,73693,148,89863
404,S14_W000573,3809,14,16014,73342,147,89506
405,S14_W000582,3818,14,16024,73354,147,89527
406,S14_W000591,3827,14,16021,74191,147,90362
407,S14_W000601,3837,14,16022,74018,147,90189
408,S14_W000610,3846,14,16031,74002,147,90182
409,S14_W000620,3856,14,16031,73927,148,90108
410,S14_W000629,3865,14,16026,73938,148,90113
411,S14_W000707,3875,14,16016,71374,148,87540
412,S14_W000716,3884,14,16027,71789,147,87965
413,S14_W000725,3893,14,16033,72539,151,88725
414,S14_W000735,3903,14,16021,73203,151,89377
415,S14_W000744,3912,14,16034,72302,152,88489
416,S14_W000754,3922,14,16027,72961,148,89137
417,S14_W000763,3931,14,16039,72455,147,88644
418,S14_W000773,3941,14,16020,72594,155,88772
419,S14_W000782,3950,14,16019,71822,147,87990
420,S14_W000791,3959,14,16018,72109,151,88281
421,S14_W000801,3969,14,16031,72570,147,88752
422,S14_W000810,3978,14,16026,72010,151,88190
423,S14_W000820,3988,14,16021,71836,152,88011
424,S14_W000829,3997,14,16035,72582,147,88767
425,S14_W000839,4007,14,16033,72389,151,88575
426,S14_W000848,4016,14,16035,72096,147,88281
427,S14_W000857,4025,14,16017,71961,155,88135
428,S14_W001113,4035,14,16015,74513,148,90677
429,S14_W001122,4044,14,16027,74537,148,90713
430,S14_W001132,4054,14,16038,74604,147,90792
431,S14_W001141,4063,14,16033,74505,147,90688
432,S14_W001151,4073,14,16022,74766,148,90937
433,S14_W001160,4082,14,16027,74676,147,90852
434,S14_W001169,4091,14,16032,74546,148,90728
435,S14_W001179,4101,14,16022,74673,148,90845
436,S14_W001188,4110,14,16024,74658,147,90833
437,S14_W001198,4120,14,16025,74777,147,90951
438,S14_W001207,4129,14,16033,74683,147,90865
439,S14_W001217,4139,14,16019,74625,148,90793
440,S14_W001226,4148,14,16021,74741,147,90913
441,S14_W001235,4157,14,16027,74886,147,91064
442,S14_W001245,4167,14,16019,74929,148,91098
443,S14_W001254,4176,14,16028,74815,147,90993
444,S14_W001264,4186,14,16020,74604,148,90775
445,S14_W001273,4195,14,16022,73710,148,89882
446,S14_W001283,4205,14,16020,74162,152,90338
447,S14_W001292,4214,14,16020,74328,147,90498
448,S14_W001301,4223,14,16025,74235,148,90409
449,S14_W001311,4233,14,16018,74310,148,90479
450,S14_W001320,4242,14,16006,74194,148,90350
451,S14_W001330,4252,14,16017,74419,148,90584
452,S14_W001339,4261,14,16022,74339,148,90511
453,S14_W001349,4271,14,16031,74485,147,90667
454,S14_W001676,4280,14,16029,71941,151,88125
455,S14_W001685,4289,14,16023,73006,147,89179
456,S14_W001695,4299,14,16027,73027,156,89212
457,S14_W001704,4308,14,16023,73228,147,89400
458,S14_W001714,4318,14,16029,71517,148,87695
459,S14_W001723,4327,14,16027,72425,148,88602
460,S14_W001733,4337,14,16022,72272,148,88443
461,S14_W001742,4346,14,16030,71966,148,88146
462,S14_W001751,4355,14,16014,73431,147,89595
463,S14_W001761,4365,14,16026,72171,147,88348
464,S14_W001770,4374,14,16023,72442,152,88620
465,S14_W001780,4384,14,16026,72337,147,88512
466,S14_W001789,4393,14,16023,73381,147,89554
467,S14_W001799,4403,14,16026,73317,152,89496
468,S14_W001808,4412,14,16030,73001,151,89183
469,S14_W001817,4421,14,16016,72627,152,88798
470,S14_W001827,4431,14,16021,73255,147,89426
471,S14_W001836,4440,14,16024,72721,148,88895
472,S14_W001846,4450,14,16026,72958,152,89138
473,S14_W001855,4459,14,16020,72655,148,88824
474,S14_W001865,4469,14,16020,72588,148,88757
475,S14_W001874,4478,14,16021,73049,147,89220
476,S14_W001883,4487,14,16018,72806,152,88977
477,S14_W001893,4497,14,16034,72271,148,88454
478,S14_W001902,4506,14,16031,72549,147,88731
479,S14_W001912,4516,14,16031,72374,147,88555
480,S14_W001921,4525,14,16026,73016,152,89197
481,S14_W001931,4535,14,16027,71615,147,87792
482,S14_W001940,4544,14,16024,72000,148,88174
483,S14_W001949,4553,14,16026,71814,148,87989
484,S14_W001959,4563,14,16022,72079,147,88251
485,S14_W001968,4572,14,16012,71959,148,88121
486,S14_W001978,4582,14,16018,72356,152,88528
487,S14_W001987,4591,14,16018,71600,147,87767
488,S14_W001997,4601,14,16013,73215,148,89378
489,S14_W002006,4610,14,16027,72479,148,88655
490,S14_W002015,4619,14,16023,72201,148,88373
491,S14_W002025,4629,14,16021,73107,148,89276
492,S14_W002034,4638,14,16026,72410,147,88587
493,S14_W002044,4648,14,16024,71880,147,88054
494,S14_W002053,4657,14,16020,72484,147,88654
495,S14_W002063,4667,14,16038,72657,148,88845
496,S14_W002072,4676,14,16023,72623,147,88797
497,S14_W002081,4685,14,16022,72810,153,88988
498,S14_W002091,4695,14,16023,72278,147,88451
499,S14_W002100,4704,14,16024,71937,148,88111
500,S14_W002110,4714,14,16037,72883,152,89076
501,S14_W002119,4723,14,16029,72637,148,88816
502,S14_W002129,4733,14,16022,72989,147,89161
503,S14_W002138,4742,14,16023,72913,148,89086
504,S14_W002370,4751,14,16017,72984,147,89151
505,S14_W002380,4761,14,16028,72006,156,88192
506,S14_W002389,4770,14,16012,72221,156,88391
507,S14_W002399,4780,14,16022,72273,152,88448
508,S14_W002408,4789,14,16033,72436,147,88620
509,S14_W002418,4799,14,16019,72484,148,88652
510,S14_W002427,4808,14,16010,71970,147,88130
511,S14_W002436,4817,14,16028,71115,147,87294
512,S14_W002446,4827,14,16013,70978,148,87141
513,S14_W002455,4836,14,16020,70832,152,87004
514,S14_W002465,4846,14,16028,71854,148,88032
515,S14_W002474,4855,14,16006,70929,153,87091
516,S14_W002484,4865,14,16027,71471,148,87647
517,S14_W002493,4874,14,16019,71282,147,87451
518,S14_W002502,4883,14,16015,71815,159,87991
519,S14_W002512,4893,14,16033,71463,151,87650
520,S14_W002521,4902,14,16025,72056,148,88230
521,S14_W002531,4912,14,16026,71722,148,87896
522,S14_W002540,4921,14,16037,71938,148,88125
523,S14_W002550,4931,14,16020,70977,151,87151
524,S14_W002559,4940,14,16029,71289,155,87475
525,S14_W002568,4949,14,16018,71365,148,87533
526,S14_W002578,4959,14,16030,72174,148,88353
527,S14_W002587,4968,14,16018,71222,147,87389
528,S14_W002597,4978,14,16029,71114,148,87292
529,S14_W002606,4987,14,16028,72033,152,88215
530,S14_W002616,4997,14,16025,71698,152,87875
531,S14_W002625,5006,14,16031,71076,148,87256
532,S14_W002634,5015,14,16020,71615,152,87790
533,S14_W002644,5025,14,16022,71385,147,87557
534,S14_W002653,5034,14,16021,71262,152,87437
535,S14_W002663,5044,14,16037,71712,147,87899
536,S14_W002672,5053,14,16017,71251,148,87418
537,S14_W002682,5063,14,16015,71508,148,87672
538,S14_W002691,5072,14,16028,71969,155,88155
539,S14_W002700,5081,14,16021,70900,148,87071
540,S14_W002710,5091,14,16036,71580,148,87767
541,S14_W002719,5100,14,16027,71933,153,88116
542,S14_W002729,5110,14,16030,71872,151,88056
543,S14_W002738,5119,14,16025,71216,151,87395
544,S14_W002748,5129,14,16018,71741,148,87909
545,S14_W002757,5138,14,16026,71418,148,87594
546,S14_W002766,5147,14,16022,71642,155,87822
547,S14_W002776,5157,14,16020,71496,148,87665
548,S14_W002785,5166,14,16024,71376,148,87550
549,S14_W002795,5176,14,16037,71123,147,87309
550,S14_W002804,5185,14,16021,71829,148,87999
551,S14_W002814,5195,14,16035,71487,148,87670
552,S14_W002823,5204,14,16030,71292,148,87472
553,S14_W002832,5213,14,16036,71192,147,87379
554,S14_W002842,5223,14,16023,70416,152,86592
555,S14_W002851,5232,14,16014,71354,147,87518
556,S14_W002861,5242,14,16012,72201,148,88362
557,S14_W002870,5251,14,16026,70670,148,86846
558,S14_W002880,5261,14,16029,71669,148,87847
559,S14_W002889,5270,14,16033,72209,147,88393
560,S14_W002898,5279,14,16017,72149,147,88316
561,S14_W002908,5289,14,16029,71638,147,87816
562,S14_W002917,5298,14,16021,71063,148,87233
563,S14_W002927,5308,14,16023,71381,148,87553
564,S14_W002936,5317,14,16020,71953,148,88123
565,S14_W002946,5327,14,16028,70733,148,86909
566,S14_W002955,5336,14,16017,70795,148,86961
567,S14_W002964,5345,14,16031,71184,147,87365
568,S14_W002974,5355,14,16025,71681,147,87856
569,S14_W002983,5364,14,16008,70896,148,87053
570,S14_W002993,5374,14,16024,70752,148,86924
571,S14_W003002,5383,14,16032,71129,148,87311
572,S14_W003012,5393,14,16030,70614,147,86795
573,S14_W003021,5402,14,16019,70891,147,87061
574,S14_W003030,5411,14,16033,71209,155,87398
575,S14_W003040,5421,14,16021,71127,148,87298
576,S14_W003049,5430,14,16012,72492,148,88654
577,S14_W003059,5440,14,16024,72696,153,88876
578,S14_W003068,5449,14,16033,72048,152,88233
579,S14_W003078,5459,14,16024,72370,148,88543
580,S14_W003087,5468,14,16021,71012,158,87192
581,S14_W003096,5477,14,16038,71087,159,87285
582,S14_W003106,5487,14,16028,71798,147,87977
583,S14_W003115,5496,14,16029,71432,155,87618
584,S14_W003125,5506,14,16026,71573,147,87749
585,S14_W003134,5515,14,16021,71690,148,87860
586,S14_W003144,5525,14,16026,71682,148,87857
587,S14_W003153,5534,14,16036,71432,148,87618
588,S14_W003162,5543,14,16017,71569,147,87736
589,S14_W003172,5553,14,16012,71369,148,87530
590,S14_W003181,5562,14,16034,71490,147,87674
591,S14_W003191,5572,14,16034,71776,147,87961
592,S14_W003200,5581,14,16016,72984,151,89154
593,S14_W003210,5591,14,16019,72691,151,88863
594,S14_W003219,5600,14,16022,73387,152,89563
595,S14_W003228,5609,14,16026,73161,155,89345
596,S14_W003242,5619,14,16021,73678,148,89848
597,S14_W003251,5628,14,16014,73597,147,89760
598,S14_W003261,5638,14,16017,73345,147,89513
599,S14_W003270,5647,14,16024,73198,147,89372
600,S14_W003280,5657,14,16018,73677,148,89844
601,S14_W003289,5666,14,16017,73443,147,89610
602,S14_W003298,5675,14,16025,73145,147,89320
603,S14_W003308,5685,14,16022,73440,147,89612
604,S14_W003317,5694,14,16025,73653,147,89829
605,S14_W003327,5704,14,16021,73527,148,89696
606,S14_W003336,5713,14,16028,73623,148,89802
607,S14_W003346,5723,14,16030,73793,147,89973
608,S14_W003355,5732,14,16022,73573,147,89744
609,S14_W003364,5741,14,16024,73226,148,89398
610,S14_W003374,5751,14,16027,73398,147,89575
611,S14_W003383,5760,14,16019,73440,148,89609
612,S14_W003393,5770,14,16027,73711,148,89888
613,S14_W003402,5779,14,16009,72954,148,89113
614,S14_W003412,5789,14,16009,73820,158,89989
615,S14_W003421,5798,14,16027,73549,148,89725
616,S14_W003430,5807,14,16019,73583,151,89757
617,S14_W003440,5817,14,16023,73257,153,89436
618,S14_W003449,5826,14,16027,73452,147,89629
619,S14_W003459,5836,14,16018,73181,147,89348
620,S14_W003468,5845,14,16021,73498,147,89669
621,S14_W003478,5855,14,16017,73333,154,89506
622,S14_W003487,5864,14,16027,73688,148,89864
623,S14_W003496,5873,14,16025,73304,147,89479
624,S14_W003506,5883,14,16025,73289,148,89463
625,S14_W003515,5892,14,16022,73051,147,89222
626,S14_W003525,5902,14,16026,73141,153,89321
627,S14_W003534,5911,14,16019,73336,148,89504
628,S14_W003580,5921,14,16026,71762,147,87938
629,S14_W003589,5930,14,16027,71378,148,87555
630,S14_W003598,5939,14,16034,71348,147,87532
631,S14_W003608,5949,14,16026,71051,148,87227
632,S14_W003617,5958,14,16017,71884,152,88055
633,S14_W003627,5968,14,16021,70975,152,87150
634,S14_W003636,5977,14,16023,70511,147,86685
635,S14_W003646,5987,14,16044,70435,147,86630
636,S14_W003655,5996,14,16028,70603,148,86779
637,S14_W003664,6005,14,16026,71935,148,88110
638,S14_W003674,6015,14,16027,72058,148,88235
639,S14_W003683,6024,14,16027,71442,147,87620
640,S14_W003693,6034,14,16039,71939,148,88128
641,S14_W003702,6043,14,16028,72135,147,88313
642,S14_W003712,6053,14,16019,71931,148,88101
643,S14_W003721,6062,14,16029,71463,156,87649
644,S14_W003730,6071,14,16033,71374,147,87557
645,S14_W003740,6081,14,16015,71418,152,87586
646,S14_W003749,6090,14,16024,71948,147,88122
647,S14_W003759,6100,14,16036,72105,152,88295
648,S14_W003768,6109,14,16019,71287,153,87462
649,S14_W003778,6119,14,16026,70933,153,87113
650,S14_W003787,6128,14,16036,71431,147,87617
651,S14_W003796,6137,14,16027,71482,148,87659
652,S14_W003806,6147,14,16029,70868,147,87048
653,S14_W003815,6156,14,16034,70258,147,86442
654,S14_W003825,6166,14,16030,70023,148,86202
655,S14_W003834,6175,14,16034,70127,148,86310
656,S14_W003844,6185,14,16039,70095,147,86284
657,S14_W003853,6194,14,16013,70181,151,86347
658,S14_W003862,6203,14,16023,72938,154,89117
659,S14_W003872,6213,14,16018,70637,147,86805
660,S14_W003881,6222,14,16020,69896,148,86066
661,S14_W003891,6232,14,16032,71737,147,87920
662,S14_W003900,6241,14,16024,70786,154,86967
663,S14_W003910,6251,14,16033,70915,154,87104
664,S14_W003919,6260,14,16036,71151,147,87337
665,S14_W003928,6269,14,16020,70855,147,87024
666,S14_W003938,6279,14,16026,70869,148,87043
667,S14_W003947,6288,14,16015,72001,148,88164
668,S14_W003957,6298,14,16038,71936,147,88124
669,S14_W003966,6307,14,16021,71649,147,87820
670,S14_W003976,6317,14,16010,71563,151,87727
671,S14_W003985,6326,14,16022,72147,153,88324
672,S14_W003994,6335,14,16007,71650,147,87807
673,S14_W004004,6345,14,16019,71555,148,87724
674,S14_W004013,6354,14,16028,72261,147,88439
675,S14_W004023,6364,14,16021,71757,147,87929
676,S14_W004032,6373,14,16017,71464,152,87634
677,S14_W004042,6383,14,16009,71271,147,87429
678,S14_W004051,6392,14,16016,71347,148,87512
679,S14_W004060,6401,14,16029,71477,151,87659
680,S14_W004070,6411,14,16032,71185,148,87366
681,S14_W004079,6420,14,16033,71399,155,87590
682,S14_W004089,6430,14,16021,71217,158,87398
683,S14_W004098,6439,14,16024,71365,151,87543
684,S14_W004108,6449,14,16022,71815,147,87987
685,S14_W004117,6458,14,16009,70423,148,86581
686,S14_W004126,6467,14,16038,71598,148,87786
687,S14_W004136,6477,14,16021,71691,147,87861
688,S14_W004145,6486,14,16021,71400,148,87570
689,S14_W004155,6496,14,16024,71894,151,88072
690,S14_W004164,6505,14,16016,71422,147,87587
691,S15_W000028,6515,15,16030,70093,147,86273
692,S15_W000037,6524,15,16020,69691,155,85867
693,S15_W000046,6533,15,16043,69706,147,85898
694,S15_W000056,6543,15,16036,69675,148,85859
695,S15_W000065,6552,15,16031,69613,153,85799
696,S15_W000075,6562,15,16040,69658,147,85848
697,S15_W000084,6571,15,16035,69621,147,85807
698,S15_W000094,6581,15,16031,69681,155,85868
699,S15_W000103,6590,15,16035,69637,147,85823
700,S15_W000112,6599,15,16041,69619,147,85810
701,S15_W000122,6609,15,16034,69624,147,85808
702,S15_W000131,6618,15,16039,69768,148,85958
703,S15_W000141,6628,15,16040,69662,151,85857
704,S15_W000150,6637,15,16016,70841,148,87007
705,S15_W000160,6647,15,16020,70587,147,86758
706,S15_W000169,6656,15,16024,70691,148,86863
707,S15_W000178,6665,15,16031,70481,152,86666
708,S15_W000188,6675,15,16022,70597,153,86774
709,S15_W000197,6684,15,16020,70442,148,86612
710,S15_W000207,6694,15,16009,70607,147,86766
711,S15_W000216,6703,15,16020,70504,147,86674
712,S15_W000226,6713,15,16024,70626,147,86799
713,S15_W000235,6722,15,16011,70415,148,86576
714,S15_W000244,6731,15,16020,70559,147,86729
715,S15_W000254,6741,15,16019,70530,147,86699
716,S15_W000263,6750,15,16020,70543,147,86714
717,S15_W000273,6760,15,16039,71359,147,87548
718,S15_W000282,6769,15,16031,70942,148,87123
719,S15_W000292,6779,15,16020,70945,148,87115
720,S15_W000301,6788,15,16013,71024,156,87193
721,S15_W000310,6797,15,16018,70879,148,87045
722,S15_W000320,6807,15,16032,70350,147,86531
723,S15_W000390,6816,15,16029,73864,148,90041
724,S15_W000400,6826,15,16023,73959,155,90139
725,S15_W000409,6835,15,16032,73836,147,90018
726,S15_W000419,6845,15,16032,74066,148,90247
727,S15_W000428,6854,15,16036,73839,148,90023
728,S15_W000437,6863,15,16018,73788,147,89956
729,S15_W000447,6873,15,16020,73610,148,89779
730,S15_W000456,6882,15,16024,74545,148,90718
731,S15_W000466,6892,15,16018,74263,148,90429
732,S15_W000475,6901,15,16022,74225,157,90406
733,S15_W000485,6911,15,16010,74294,148,90452
734,S15_W000494,6920,15,16025,73823,151,90002
735,S15_W000503,6929,15,16026,73168,147,89345
736,S15_W000513,6939,15,16028,73253,148,89430
737,S15_W000522,6948,15,16031,73205,151,89389
738,S15_W000532,6958,15,16021,73657,148,89827
739,S15_W000541,6967,15,16022,73597,148,89769
740,S15_W000551,6977,15,16025,73723,156,89908
741,S15_W000560,6986,15,16026,73422,151,89603
742,S15_W000569,6995,15,16033,74491,148,90672
743,S15_W000579,7005,15,16033,73799,147,89983
744,S15_W000588,7014,15,16018,73562,147,89731
745,S15_W000649,7024,15,16032,73430,148,89610
746,S15_W000658,7033,15,16035,73373,148,89556
747,S15_W000668,7043,15,16027,73371,148,89546
748,S15_W000677,7052,15,16023,72025,148,88197
749,S15_W000686,7061,15,16020,73047,148,89217
750,S15_W000696,7071,15,16030,73070,152,89255
751,S15_W000705,7080,15,16024,71986,154,88166
752,S15_W000715,7090,15,16025,72918,147,89094
753,S15_W000724,7099,15,16024,72390,147,88563
754,S15_W000734,7109,15,16022,72984,147,89156
755,S15_W000743,7118,15,16031,73441,147,89622
756,S15_W000752,7127,15,16037,73674,148,89861
757,S15_W000762,7137,15,16027,72998,148,89175
758,S15_W000771,7146,15,16035,72737,155,88929
759,S15_W000781,7156,15,16028,72828,148,89005
760,S15_W000790,7165,15,16018,72452,148,88620
761,S15_W000800,7175,15,16020,72646,148,88815
762,S15_W000809,7184,15,16022,72829,147,89000
763,S15_W001069,7193,15,16031,73638,147,89820
764,S15_W001079,7203,15,16029,74223,148,90401
765,S15_W001088,7212,15,16030,74378,147,90557
766,S15_W001098,7222,15,16004,74476,147,90630
767,S15_W001107,7231,15,16022,74320,147,90491
768,S15_W001117,7241,15,16026,74302,148,90477
769,S15_W001126,7250,15,16015,74270,154,90442
770,S15_W001135,7259,15,16022,74631,148,90802
771,S15_W001145,7269,15,16019,74666,154,90840
772,S15_W001154,7278,15,16015,74678,147,90844
773,S15_W001164,7288,15,16031,74578,147,90759
774,S15_W001173,7297,15,16023,74435,148,90607
775,S15_W001183,7307,15,16023,74437,147,90611
776,S15_W001192,7316,15,16021,74630,147,90802
777,S15_W001201,7325,15,16017,73811,148,89977
778,S15_W001211,7335,15,16021,73258,147,89429
779,S15_W001220,7344,15,16024,74253,148,90427
780,S15_W001230,7354,15,16031,73593,154,89780
781,S15_W001239,7363,15,16024,73888,147,90063
782,S15_W001249,7373,15,16014,73875,153,90045
783,S15_W001258,7382,15,16018,73252,148,89418
784,S15_W001267,7391,15,16033,74060,147,90243
785,S15_W001508,7401,15,16031,72018,147,88199
786,S15_W001517,7410,15,16029,72429,147,88608
787,S15_W001527,7420,15,16018,71717,147,87885
788,S15_W001536,7429,15,16027,72284,148,88461
789,S15_W001546,7439,15,16023,72634,147,88807
790,S15_W001555,7448,15,16013,71721,148,87884
791,S15_W001564,7457,15,16026,71416,155,87599
792,S15_W001574,7467,15,16020,71653,152,87829
793,S15_W001583,7476,15,16015,72445,148,88610
794,S15_W001593,7486,15,16029,71523,147,87703
795,S15_W001602,7495,15,16026,71831,147,88006
796,S15_W001612,7505,15,16030,72543,148,88721
797,S15_W001621,7514,15,16021,72376,154,88552
798,S15_W001630,7523,15,16037,72129,148,88315
799,S15_W001640,7533,15,16032,72358,147,88539
800,S15_W001649,7542,15,16019,72248,147,88417
801,S15_W001659,7552,15,16031,71740,147,87921
802,S15_W001668,7561,15,16015,72111,153,88280
803,S15_W001678,7571,15,16032,71478,148,87660
804,S15_W001687,7580,15,16028,72016,148,88194
805,S15_W001696,7589,15,16021,71795,147,87967
806,S15_W001706,7599,15,16037,71775,148,87962
807,S15_W001715,7608,15,16016,72256,148,88420
808,S15_W001725,7618,15,16024,71175,147,87349
809,S15_W001734,7627,15,16023,72068,148,88241
810,S15_W001744,7637,15,16017,72305,152,88474
811,S15_W001753,7646,15,16029,71623,147,87802
812,S15_W001762,7655,15,16020,71961,147,88131
813,S15_W001772,7665,15,16030,72852,148,89031
814,S15_W001781,7674,15,16021,72146,147,88318
815,S15_W001791,7684,15,16033,72061,148,88244
816,S15_W001800,7693,15,16026,71955,148,88130
817,S15_W001810,7703,15,16028,71738,148,87916
818,S15_W001819,7712,15,16020,71194,148,87365
819,S15_W001828,7721,15,16017,71228,153,87399
820,S15_W001838,7731,15,16020,71778,147,87949
821,S15_W001847,7740,15,16023,71923,148,88095
822,S15_W001857,7750,15,16010,71767,148,87928
823,S15_W001866,7759,15,16029,72258,152,88441
824,S15_W001876,7769,15,16028,72359,147,88538
825,S15_W001885,7778,15,16018,72210,151,88382
826,S15_W002105,7787,15,16020,73543,147,89712
827,S15_W002115,7797,15,16028,73340,147,89517
828,S15_W002124,7806,15,16026,73290,152,89470
829,S15_W002134,7816,15,16023,72485,159,88669
830,S15_W002143,7825,15,16014,72078,152,88244
831,S15_W002153,7835,15,16018,72445,151,88618
832,S15_W002162,7844,15,16013,72431,151,88596
833,S15_W002171,7853,15,16022,71793,147,87965
834,S15_W002181,7863,15,16029,72337,152,88519
835,S15_W002190,7872,15,16022,72898,148,89069
836,S15_W002200,7882,15,16027,72743,148,88919
837,S15_W002209,7891,15,16019,71858,148,88026
838,S15_W002219,7901,15,16019,70141,148,86310
839,S15_W002228,7910,15,16028,70117,147,86295
840,S15_W002237,7919,15,16025,70163,155,86346
841,S15_W002247,7929,15,16030,70197,148,86377
842,S15_W002256,7938,15,16030,70224,147,86405
843,S15_W002266,7948,15,16020,70169,148,86339
844,S15_W002275,7957,15,16021,70217,148,86388
845,S15_W002285,7967,15,16026,70122,147,86298
846,S15_W002294,7976,15,16027,70124,147,86301
847,S15_W002303,7985,15,16026,69832,147,86008
848,S15_W002313,7995,15,16037,69987,155,86181
849,S15_W002322,8004,15,16026,70575,147,86752
850,S15_W002332,8014,15,16027,69817,153,86001
851,S15_W002341,8023,15,16017,70981,147,87148
852,S15_W002351,8033,15,16009,69996,147,86156
853,S15_W002360,8042,15,16028,70809,155,86993
854,S15_W002369,8051,15,16026,70452,151,86632
855,S15_W002379,8061,15,16016,69781,147,85947
856,S15_W002388,8070,15,16021,69952,147,86124
857,S15_W002398,8080,15,16026,71315,154,87499
858,S15_W002407,8089,15,16022,69985,147,86158
859,S15_W002417,8099,15,16034,70161,147,86344
860,S15_W002426,8108,15,16029,70296,151,86479
861,S15_W002435,8117,15,16028,69814,148,85991
862,S15_W002445,8127,15,16030,70072,148,86250
863,S15_W002454,8136,15,16025,70430,151,86608
864,S15_W002464,8146,15,16031,70057,148,86237
865,S15_W002473,8155,15,16019,70363,151,86535
866,S15_W002483,8165,15,16032,69946,154,86135
867,S15_W002492,8174,15,16025,70381,147,86555
868,S15_W002501,8183,15,16025,70177,147,86352
869,S15_W002511,8193,15,16027,70220,155,86404
870,S15_W002520,8202,15,16025,70227,147,86402
871,S15_W002530,8212,15,16025,70279,147,86454
872,S15_W002539,8221,15,16028,70466,154,86651
873,S15_W002549,8231,15,16032,70454,148,86634
874,S15_W002558,8240,15,16023,70726,147,86899
875,S15_W002567,8249,15,16027,70630,147,86808
876,S15_W002577,8259,15,16013,70084,147,86248
877,S15_W002586,8268,15,16005,70998,147,87154
878,S15_W002596,8278,15,16023,70816,147,86988
879,S15_W002605,8287,15,16019,70430,148,86598
880,S15_W002615,8297,15,16031,70337,147,86516
881,S15_W002624,8306,15,16022,70669,148,86841
882,S15_W002633,8315,15,16018,71579,147,87747
883,S15_W002643,8325,15,16021,71561,147,87732
884,S15_W002652,8334,15,16025,69896,147,86071
885,S15_W002662,8344,15,16033,70596,147,86779
886,S15_W002671,8353,15,16016,70011,152,86180
887,S15_W002681,8363,15,16022,69842,151,86019
888,S15_W002690,8372,15,16019,69868,147,86036
889,S15_W002699,8381,15,16020,69763,151,85938
890,S15_W002709,8391,15,16028,69993,155,86179
891,S15_W002718,8400,15,16022,70284,156,86465
892,S15_W002728,8410,15,16035,70149,148,86335
893,S15_W002737,8419,15,16019,70294,147,86463
894,S15_W002747,8429,15,16018,70326,148,86494
895,S15_W002756,8438,15,16022,70302,151,86479
896,S15_W002765,8447,15,16023,72402,151,88580
897,S15_W002775,8457,15,16028,72917,147,89096
898,S15_W002784,8466,15,16027,73258,154,89440
899,S15_W002794,8476,15,16027,72752,147,88929
900,S15_W002803,8485,15,16016,74019,151,90190
901,S15_W002813,8495,15,16023,73594,151,89772
902,S15_W002827,8504,15,16019,73880,147,90048
903,S15_W002836,8513,15,16013,73747,148,89909
904,S15_W002846,8523,15,16017,73817,148,89985
905,S15_W002855,8532,15,16034,73831,147,90016
906,S15_W002865,8542,15,16017,73855,151,90026
907,S15_W002874,8551,15,16022,74180,147,90352
908,S15_W002884,8561,15,16028,73879,148,90057
909,S15_W002893,8570,15,16026,73349,147,89526
910,S15_W002902,8579,15,16026,73778,148,89952
911,S15_W002912,8589,15,16031,73727,148,89908
912,S15_W002921,8598,15,16018,73676,148,89845
913,S15_W002931,8608,15,16017,73536,147,89703
914,S15_W002940,8617,15,16028,73862,148,90039
915,S15_W002950,8627,15,16020,73356,148,89526
916,S15_W002959,8636,15,16028,73706,147,89884
917,S15_W002968,8645,15,16020,73513,148,89683
918,S15_W002978,8655,15,16039,72951,153,89145
919,S15_W002987,8664,15,16025,74125,147,90300
920,S15_W002997,8674,15,16024,73701,147,89875
921,S15_W003006,8683,15,16023,73676,148,89849
922,S15_W003016,8693,15,16033,73839,148,90021
923,S15_W003025,8702,15,16024,73658,154,89838
924,S15_W003034,8711,15,16019,73921,147,90090
925,S15_W003044,8721,15,16021,73820,148,89991
926,S15_W003053,8730,15,16032,73786,148,89967
927,S15_W003063,8740,15,16017,73674,156,89848
928,S15_W003072,8749,15,16022,73935,147,90106
929,S15_W003082,8759,15,16019,73745,148,89914
930,S15_W003091,8768,15,16030,73865,148,90045
931,S15_W003100,8777,15,16008,73809,148,89968
932,S15_W003110,8787,15,16032,74351,148,90533
933,S15_W003119,8796,15,16025,73979,148,90154
934,S15_W003129,8806,15,16026,73782,148,89957
935,S15_W003138,8815,15,16032,73845,152,90032
936,S15_W003273,8825,15,16018,71398,151,87570
937,S15_W003282,8834,15,16029,70207,148,86384
938,S15_W003291,8843,15,16034,70176,147,86360
939,S15_W003301,8853,15,16036,72219,148,88403
940,S15_W003310,8862,15,16025,72184,147,88360
941,S15_W003320,8872,15,16027,71963,147,88140
942,S15_W003329,8881,15,16033,70480,148,86663
943,S15_W003339,8891,15,16030,70337,147,86518
944,S15_W003348,8900,15,16035,71512,147,87697
945,S15_W003357,8909,15,16026,72582,147,88758
946,S15_W003367,8919,15,16054,71515,151,87723
947,S15_W003376,8928,15,16022,72122,154,88300
948,S15_W003386,8938,15,16024,72151,152,88329
949,S15_W003395,8947,15,16019,70489,147,86658
950,S15_W003405,8957,15,16032,70602,148,86783
951,S15_W003414,8966,15,16016,70609,147,86775
952,S15_W003423,8975,15,16022,70690,152,86865
953,S15_W003433,8985,15,16023,70468,151,86646
954,S15_W003442,8994,15,16014,71590,148,87754
955,S15_W003452,9004,15,16018,71676,147,87843
956,S15_W003461,9013,15,16031,70671,159,86863
957,S15_W003471,9023,15,16024,70542,147,86716
958,S15_W003480,9032,15,16015,71191,147,87355
959,S15_W003489,9041,15,16014,70557,147,86720
960,S15_W003499,9051,15,16022,70404,147,86577
961,S15_W003508,9060,15,16027,70314,153,86496
962,S15_W003518,9070,15,16027,70323,147,86501
963,S15_W003527,9079,15,16023,72119,152,88296
964,S15_W003537,9089,15,16021,70595,147,86766
965,S15_W003546,9098,15,16032,70773,151,86959
966,S15_W003555,9107,15,16021,70297,157,86475
967,S15_W003565,9117,15,16023,70620,147,86792
968,S15_W003574,9126,15,16040,72271,147,88462
969,S15_W003584,9136,15,16018,72230,147,88398
970,S15_W003593,9145,15,16032,71643,151,87830
971,S15_W003603,9155,15,16023,70699,147,86871
972,S15_W003612,9164,15,16030,72294,147,88475
973,S15_W003621,9173,15,16023,71472,148,87644
974,S15_W003631,9183,15,16029,70770,151,86953
975,S15_W003640,9192,15,16028,70248,147,86425
976,S15_W003650,9202,15,16034,70112,147,86296
977,S15_W003659,9211,15,16021,70014,147,86185
978,S15_W003669,9221,15,16033,71802,154,87991
979,S15_W003678,9230,15,16025,70262,147,86438
980,S15_W003687,9239,15,16019,69667,157,85845
981,S15_W003697,9249,15,16026,71674,148,87849
982,S15_W003706,9258,15,16017,70226,148,86391
983,S15_W003716,9268,15,16029,70293,148,86473
984,S15_W003725,9277,15,16019,70101,151,86274
985,S15_W003735,9287,15,16022,70144,147,86316
986,S15_W003744,9296,15,16023,70397,147,86570
987,S15_W003753,9305,15,16022,70222,148,86393
988,S15_W003763,9315,15,16036,70511,148,86696
989,S15_W003772,9324,15,16027,69990,148,86166
990,S15_W003782,9334,15,16028,70063,147,86241
991,S15_W003791,9343,15,16020,70116,151,86290
992,S15_W003801,9353,15,16025,70863,148,87038
993,S15_W003810,9362,15,16022,72307,147,88479
994,S15_W003819,9371,15,16006,70489,148,86644
995,S15_W003829,9381,15,16022,70296,148,86468
996,S15_W003838,9390,15,16019,70752,147,86921
997,S15_W003848,9400,15,16010,70722,147,86883
998,S15_W003857,9409,15,16037,70569,158,86766
999,S15_W003867,9419,15,16010,71116,151,87281
